{"data" : [0.10647114, 0.11276744, 0.11906374, 0.12536004, 0.13165634,
  0.13795264, 0.14424894, 0.15054524, 0.15684154, 0.16313784,
  0.16943414, 0.17573044, 0.18202674, 0.18832304, 0.19461934,
  0.20091564, 0.20721194, 0.21350824, 0.21980455, 0.22610085,
  0.23239715, 0.23869345, 0.24498975, 0.25128605, 0.25758235,
  0.26387865, 0.27017495, 0.27647125, 0.28276755, 0.28906385,
  0.29536015, 0.30165645, 0.30795275, 0.31424905, 0.32054535,
  0.32684165, 0.33313795, 0.33943425, 0.34573055, 0.35202685,
  0.35832315, 0.36461945, 0.37091575, 0.37721205, 0.38350835,
  0.38980465, 0.39610095, 0.40239725, 0.40869355, 0.41498985,
  0.42128615, 0.42758245, 0.43387875, 0.44017505, 0.44647135,
  0.45276765, 0.45906395, 0.46536025, 0.47165655, 0.47795285,
  0.48424915, 0.49054545, 0.49684175, 0.50313805, 0.50943435,
  0.51573065, 0.52202695, 0.52832325, 0.53461955, 0.54091585,
  0.54721215, 0.55350845, 0.55980475, 0.56610105, 0.57239735,
  0.57869365, 0.58498995, 0.59128625, 0.59758255, 0.60387885,
  0.61017515, 0.61647145, 0.62276776, 0.62906406, 0.63536036,
  0.64165666, 0.64795296, 0.65424926, 0.66054556, 0.66684186,
  0.67313816, 0.67943446, 0.68573076, 0.69202706, 0.69832336,
  0.70461966, 0.71091596, 0.71721226, 0.72350856, 0.72980486],
  "frequency" : [6.84738940e-04, 1.37521102e-03, 2.60446381e-03, 4.65152124e-03,
    7.83500628e-03, 1.24486147e-02, 1.86621663e-02, 2.64105187e-02,
    3.53137302e-02, 4.46815068e-02, 5.36409401e-02, 6.13855627e-02,
    6.74875814e-02, 7.21684948e-02, 7.64124254e-02, 8.18445986e-02,
    9.03757694e-02, 1.03703957e-01, 1.22832148e-01, 1.47775785e-01,
    1.77584566e-01, 2.10698332e-01, 2.45527390e-01, 2.81041243e-01,
    3.17117264e-01, 3.54473762e-01, 3.94179919e-01, 4.36938914e-01,
    4.82489626e-01, 5.29483320e-01, 5.76031002e-01, 6.20825956e-01,
    6.64433993e-01, 7.10152134e-01, 7.63879644e-01, 8.32757325e-01,
    9.22832799e-01, 1.03651939e+00, 1.17090520e+00, 1.31785060e+00,
    1.46624002e+00, 1.60587912e+00, 1.73168609e+00, 1.84641706e+00,
    1.96047622e+00, 2.08839076e+00, 2.24293081e+00, 2.42903832e+00,
    2.64011964e+00, 2.85857051e+00, 3.06081702e+00, 3.22528046e+00,
    3.34030180e+00, 3.40882994e+00, 3.44776972e+00, 3.48192377e+00,
    3.53464981e+00, 3.61879200e+00, 3.73150147e+00, 3.85514736e+00,
    3.96414550e+00, 4.03513118e+00, 4.05646627e+00, 4.03322805e+00,
    3.98555829e+00, 3.94087649e+00, 3.92292140e+00, 3.94189128e+00,
    3.98958309e+00, 4.04152550e+00, 4.06539287e+00, 4.03252800e+00,
    3.92816804e+00, 3.75647917e+00, 3.53858441e+00, 3.30456665e+00,
    3.08276757e+00, 2.89059673e+00, 2.73017875e+00, 2.58997228e+00,
    2.45102917e+00, 2.29491628e+00, 2.11012399e+00, 1.89493268e+00,
    1.65648994e+00, 1.40736223e+00, 1.16144390e+00, 9.30770273e-01,
    7.23902825e-01, 5.45708176e-01, 3.97922111e-01, 2.79918952e-01,
    1.89383739e-01, 1.22850373e-01, 7.61821266e-02, 4.50433465e-02,
    2.53358728e-02, 1.35321400e-02, 6.85294221e-03, 3.28667831e-03]}