{"data" : [-9.60556871e-04,  5.55032928e-02,  1.11967142e-01,  1.68430992e-01,
  2.24894842e-01,  2.81358691e-01,  3.37822541e-01,  3.94286391e-01,
  4.50750240e-01,  5.07214090e-01,  5.63677939e-01,  6.20141789e-01,
  6.76605639e-01,  7.33069488e-01,  7.89533338e-01,  8.45997188e-01,
  9.02461037e-01,  9.58924887e-01,  1.01538874e+00,  1.07185259e+00,
  1.12831644e+00,  1.18478029e+00,  1.24124414e+00,  1.29770798e+00,
  1.35417183e+00,  1.41063568e+00,  1.46709953e+00,  1.52356338e+00,
  1.58002723e+00,  1.63649108e+00,  1.69295493e+00,  1.74941878e+00,
  1.80588263e+00,  1.86234648e+00,  1.91881033e+00,  1.97527418e+00,
  2.03173803e+00,  2.08820188e+00,  2.14466573e+00,  2.20112958e+00,
  2.25759343e+00,  2.31405728e+00,  2.37052113e+00,  2.42698498e+00,
  2.48344883e+00,  2.53991268e+00,  2.59637653e+00,  2.65284038e+00,
  2.70930423e+00,  2.76576808e+00,  2.82223192e+00,  2.87869577e+00,
  2.93515962e+00,  2.99162347e+00,  3.04808732e+00,  3.10455117e+00,
  3.16101502e+00,  3.21747887e+00,  3.27394272e+00,  3.33040657e+00,
  3.38687042e+00,  3.44333427e+00,  3.49979812e+00,  3.55626197e+00,
  3.61272582e+00,  3.66918967e+00,  3.72565352e+00,  3.78211737e+00,
  3.83858122e+00,  3.89504507e+00,  3.95150892e+00,  4.00797277e+00,
  4.06443662e+00,  4.12090047e+00,  4.17736432e+00,  4.23382817e+00,
  4.29029202e+00,  4.34675586e+00,  4.40321971e+00,  4.45968356e+00,
  4.51614741e+00,  4.57261126e+00,  4.62907511e+00,  4.68553896e+00,
  4.74200281e+00,  4.79846666e+00,  4.85493051e+00,  4.91139436e+00,
  4.96785821e+00,  5.02432206e+00,  5.08078591e+00,  5.13724976e+00,
  5.19371361e+00,  5.25017746e+00,  5.30664131e+00,  5.36310516e+00,
  5.41956901e+00,  5.47603286e+00,  5.53249671e+00,  5.58896056e+00],
  "frequency" : [4.44460979e-05, 9.39945594e-05, 1.88415394e-04, 3.58879959e-04,
    6.51560712e-04, 1.13187253e-03, 1.88993485e-03, 3.04865017e-03,
    4.77591093e-03, 7.30101540e-03, 1.09317705e-02, 1.60636117e-02,
    2.31678610e-02, 3.27468492e-02, 4.52523261e-02, 6.09800766e-02,
    7.99720060e-02, 1.01966620e-01, 1.26429956e-01, 1.52669814e-01,
    1.79997221e-01, 2.07870134e-01, 2.35953829e-01, 2.64064773e-01,
    2.92017040e-01, 3.19437782e-01, 3.45638768e-01, 3.69615180e-01,
    3.90197240e-01, 4.06321822e-01, 4.17340887e-01, 4.23260240e-01,
    4.24817365e-01, 4.23359588e-01, 4.20555374e-01, 4.18032152e-01,
    4.17055518e-01, 4.18337369e-01, 4.22000007e-01, 4.27662467e-01,
    4.34584219e-01, 4.41810043e-01, 4.48293512e-01, 4.53007936e-01,
    4.55061397e-01, 4.53815157e-01, 4.48979089e-01, 4.40646100e-01,
    4.29241080e-01, 4.15392401e-01, 3.99766641e-01, 3.82922050e-01,
    3.65226582e-01, 3.46858814e-01, 3.27878767e-01, 3.08333575e-01,
    2.88356307e-01, 2.68223723e-01, 2.48355140e-01, 2.29253626e-01,
    2.11407805e-01, 1.95183894e-01, 1.80740552e-01, 1.67992433e-01,
    1.56633542e-01, 1.46213323e-01, 1.36243154e-01, 1.26303602e-01,
    1.16125047e-01, 1.05624259e-01, 9.48931862e-02, 8.41493200e-02,
    7.36662373e-02, 6.37061357e-02, 5.44727493e-02, 4.60941756e-02,
    3.86338104e-02, 3.21177568e-02, 2.65622855e-02, 2.19867680e-02,
    1.84051176e-02, 1.57991870e-02, 1.40868262e-02, 1.31016215e-02,
    1.25984268e-02, 1.22890287e-02, 1.18992602e-02, 1.12284420e-02,
    1.01895485e-02, 8.81573940e-03, 7.23255025e-03, 5.60835954e-03,
    4.10242246e-03, 2.82743304e-03, 1.83476300e-03, 1.12049700e-03,
    6.43817319e-04, 3.47981568e-04, 1.76903834e-04, 8.45798349e-05]}