{"data" : [-1.9595113 , -1.80275349, -1.64599569, -1.48923789, -1.33248008,
  -1.17572228, -1.01896447, -0.86220667, -0.70544887, -0.54869106,
  -0.39193326, -0.23517545, -0.07841765,  0.07834015,  0.23509796,
  0.39185576,  0.54861357,  0.70537137,  0.86212917,  1.01888698,
  1.17564478,  1.33240259,  1.48916039,  1.64591819,  1.802676  ,
  1.9594338 ,  2.11619161,  2.27294941,  2.42970721,  2.58646502,
  2.74322282,  2.89998063,  3.05673843,  3.21349623,  3.37025404,
  3.52701184,  3.68376965,  3.84052745,  3.99728525,  4.15404306,
  4.31080086,  4.46755867,  4.62431647,  4.78107427,  4.93783208,
  5.09458988,  5.25134769,  5.40810549,  5.56486329,  5.7216211 ,
  5.8783789 ,  6.03513671,  6.19189451,  6.34865231,  6.50541012,
  6.66216792,  6.81892573,  6.97568353,  7.13244133,  7.28919914,
  7.44595694,  7.60271475,  7.75947255,  7.91623035,  8.07298816,
  8.22974596,  8.38650377,  8.54326157,  8.70001937,  8.85677718,
  9.01353498,  9.17029279,  9.32705059,  9.48380839,  9.6405662 ,
  9.797324  ,  9.95408181, 10.11083961, 10.26759741, 10.42435522,
  10.58111302, 10.73787083, 10.89462863, 11.05138643, 11.20814424,
  11.36490204, 11.52165985, 11.67841765, 11.83517545, 11.99193326,
  12.14869106, 12.30544887, 12.46220667, 12.61896447, 12.77572228,
  12.93248008, 13.08923789, 13.24599569, 13.40275349, 13.5595113 ],
"frequency" : [1.07230877e-04, 2.27543940e-04, 4.61601397e-04, 8.95707756e-04,
1.66342590e-03, 2.95813741e-03, 5.04024566e-03, 8.23282663e-03,
1.28993258e-02, 1.93992157e-02, 2.80229518e-02, 3.89154251e-02,
5.20050976e-02, 6.69605117e-02, 8.31933831e-02, 9.99166244e-02,
1.16248747e-01, 1.31339266e-01, 1.44480607e-01, 1.55175925e-01,
1.63148962e-01, 1.68304921e-01, 1.70670064e-01, 1.70343645e-01,
1.67486088e-01, 1.62346918e-01, 1.55314554e-01, 1.46957273e-01,
1.38025627e-01, 1.29399760e-01, 1.21984556e-01, 1.16573746e-01,
1.13715468e-01, 1.13613508e-01, 1.16090819e-01, 1.20626627e-01,
1.26459218e-01, 1.32728278e-01, 1.38619518e-01, 1.43475099e-01,
1.46846948e-01, 1.48491537e-01, 1.48325146e-01, 1.46368901e-01,
1.42709043e-01, 1.37483183e-01, 1.30886340e-01, 1.23180310e-01,
1.14690576e-01, 1.05784228e-01, 9.68337695e-02, 8.81786040e-02,
8.00957068e-02, 7.27851999e-02, 6.63695745e-02, 6.09011237e-02,
5.63720775e-02, 5.27246560e-02, 4.98611556e-02, 4.76552618e-02,
4.59647386e-02, 4.46437023e-02, 4.35516070e-02, 4.25569089e-02,
4.15359241e-02, 4.03702512e-02, 3.89475505e-02, 3.71693220e-02,
3.49658098e-02, 3.23138450e-02, 2.92505207e-02, 2.58757669e-02,
2.23403798e-02, 1.88213877e-02, 1.54914035e-02, 1.24906697e-02,
9.90909164e-03, 7.78155014e-03, 6.09512105e-03, 4.80347871e-03,
3.84278917e-03, 3.14468325e-03, 2.64439262e-03, 2.28452308e-03,
2.01627557e-03, 1.79994727e-03, 1.60564976e-03, 1.41409694e-03,
1.21668488e-03, 1.01416825e-03, 8.13850183e-04, 6.25906298e-04,
4.59847626e-04, 3.22026622e-04, 2.14623059e-04, 1.35990988e-04,
8.18614153e-05, 4.67916773e-05, 2.53881238e-05, 1.30726554e-05]}