{"data" : [0.22410039, 0.29028018, 0.35645997, 0.42263976, 0.48881955,
  0.55499934, 0.62117913, 0.68735892, 0.75353871, 0.8197185 ,
  0.88589829, 0.95207808, 1.01825787, 1.08443766, 1.15061745,
  1.21679724, 1.28297703, 1.34915682, 1.41533661, 1.4815164 ,
  1.54769619, 1.61387598, 1.68005577, 1.74623556, 1.81241535,
  1.87859514, 1.94477493, 2.01095472, 2.07713451, 2.1433143 ,
  2.20949409, 2.27567388, 2.34185367, 2.40803346, 2.47421325,
  2.54039304, 2.60657283, 2.67275262, 2.73893241, 2.8051122 ,
  2.87129199, 2.93747178, 3.00365157, 3.06983136, 3.13601115,
  3.20219094, 3.26837073, 3.33455052, 3.40073031, 3.4669101 ,
  3.5330899 , 3.59926969, 3.66544948, 3.73162927, 3.79780906,
  3.86398885, 3.93016864, 3.99634843, 4.06252822, 4.12870801,
  4.1948878 , 4.26106759, 4.32724738, 4.39342717, 4.45960696,
  4.52578675, 4.59196654, 4.65814633, 4.72432612, 4.79050591,
  4.8566857 , 4.92286549, 4.98904528, 5.05522507, 5.12140486,
  5.18758465, 5.25376444, 5.31994423, 5.38612402, 5.45230381,
  5.5184836 , 5.58466339, 5.65084318, 5.71702297, 5.78320276,
  5.84938255, 5.91556234, 5.98174213, 6.04792192, 6.11410171,
  6.1802815 , 6.24646129, 6.31264108, 6.37882087, 6.44500066,
  6.51118045, 6.57736024, 6.64354003, 6.70971982, 6.77589961],
  "frequency" : [6.86777247e-05, 1.43004274e-04, 2.78934982e-04, 5.09657127e-04,
    8.72318737e-04, 1.39860959e-03, 2.10062228e-03, 2.95559960e-03,
    3.89612007e-03, 4.81308267e-03, 5.57605366e-03, 6.06967996e-03,
    6.23894599e-03, 6.13392277e-03, 5.94803245e-03, 6.04983453e-03,
    7.01001184e-03, 9.61607186e-03, 1.48476223e-02, 2.37665663e-02,
    3.72797850e-02, 5.57747964e-02, 7.87094994e-02, 1.04321518e-01,
    1.29653081e-01, 1.51015313e-01, 1.64844729e-01, 1.68708767e-01,
    1.62109334e-01, 1.46793271e-01, 1.26488152e-01, 1.06223234e-01,
    9.15227157e-02, 8.76971825e-02, 9.92619885e-02, 1.29330941e-01,
    1.78824533e-01, 2.45542553e-01, 3.23470118e-01, 4.02886832e-01,
    4.71722018e-01, 5.18111069e-01, 5.33473537e-01, 5.15022174e-01,
    4.66717809e-01, 3.98307540e-01, 3.22895371e-01, 2.54038457e-01,
    2.03351982e-01, 1.79107245e-01, 1.85679957e-01, 2.23354239e-01,
    2.88104978e-01, 3.71437312e-01, 4.60796596e-01, 5.41114813e-01,
    5.97608331e-01, 6.19209101e-01, 6.01449496e-01, 5.47629710e-01,
    4.67742774e-01, 3.75581412e-01, 2.85175114e-01, 2.07827095e-01,
    1.50541449e-01, 1.15893048e-01, 1.02826335e-01, 1.07723131e-01,
    1.25314198e-01, 1.49380870e-01, 1.73436744e-01, 1.91565774e-01,
    1.99379488e-01, 1.94824108e-01, 1.78497191e-01, 1.53284802e-01,
    1.23415765e-01, 9.32766759e-02, 6.64013119e-02, 4.49196680e-02,
    2.95201179e-02, 1.97774045e-02, 1.46172862e-02, 1.27288126e-02,
    1.28377554e-02, 1.38486950e-02, 1.49074738e-02, 1.54298847e-02,
    1.51127131e-02, 1.39189885e-02, 1.20258946e-02, 9.73824447e-03,
    7.38841788e-03, 5.25140182e-03, 3.49648581e-03, 2.18078797e-03,
    1.27414089e-03, 6.97337060e-04, 3.57510610e-04, 1.71694298e-04]}