{"data" : [-0.0480342 , -0.01454973,  0.01893473,  0.05241919,  0.08590365,
  0.11938811,  0.15287257,  0.18635703,  0.21984149,  0.25332595,
  0.28681041,  0.32029488,  0.35377934,  0.3872638 ,  0.42074826,
  0.45423272,  0.48771718,  0.52120164,  0.5546861 ,  0.58817056,
  0.62165502,  0.65513949,  0.68862395,  0.72210841,  0.75559287,
  0.78907733,  0.82256179,  0.85604625,  0.88953071,  0.92301517,
  0.95649963,  0.9899841 ,  1.02346856,  1.05695302,  1.09043748,
  1.12392194,  1.1574064 ,  1.19089086,  1.22437532,  1.25785978,
  1.29134424,  1.32482871,  1.35831317,  1.39179763,  1.42528209,
  1.45876655,  1.49225101,  1.52573547,  1.55921993,  1.59270439,
  1.62618885,  1.65967332,  1.69315778,  1.72664224,  1.7601267 ,
  1.79361116,  1.82709562,  1.86058008,  1.89406454,  1.927549  ,
  1.96103346,  1.99451793,  2.02800239,  2.06148685,  2.09497131,
  2.12845577,  2.16194023,  2.19542469,  2.22890915,  2.26239361,
  2.29587807,  2.32936254,  2.362847  ,  2.39633146,  2.42981592,
  2.46330038,  2.49678484,  2.5302693 ,  2.56375376,  2.59723822,
  2.63072268,  2.66420715,  2.69769161,  2.73117607,  2.76466053,
  2.79814499,  2.83162945,  2.86511391,  2.89859837,  2.93208283,
  2.96556729,  2.99905176,  3.03253622,  3.06602068,  3.09950514,
  3.1329896 ,  3.16647406,  3.19995852,  3.23344298,  3.26692744],
  "frequency" : [7.65421232e-05, 1.73367090e-04, 3.63161062e-04, 7.04425429e-04,
    1.26757548e-03, 2.12184151e-03, 3.31774570e-03, 4.87546713e-03,
    6.79294478e-03, 9.08243943e-03, 1.18292786e-02, 1.52478238e-02,
    1.96986411e-02, 2.56371410e-02, 3.34896496e-02, 4.34907190e-02,
    5.55502355e-02, 6.92301929e-02, 8.38812256e-02, 9.89185386e-02,
    1.14136468e-01, 1.29921501e-01, 1.47259779e-01, 1.67530396e-01,
    1.92167850e-01, 2.22306251e-01, 2.58478567e-01, 3.00388897e-01,
    3.46767055e-01, 3.95365519e-01, 4.43210656e-01, 4.87186159e-01,
    5.24871755e-01, 5.55358603e-01, 5.79665354e-01, 6.00496906e-01,
    6.21383446e-01, 6.45532891e-01, 6.74844250e-01, 7.09417770e-01,
    7.47665432e-01, 7.86913420e-01, 8.24262988e-01, 8.57425397e-01,
    8.85255061e-01, 9.07793102e-01, 9.25811674e-01, 9.40060019e-01,
    9.50547752e-01, 9.56183686e-01, 9.54933375e-01, 9.44445547e-01,
    9.22910945e-01, 8.89816067e-01, 8.46279793e-01, 7.94827384e-01,
    7.38711678e-01, 6.81104073e-01, 6.24509596e-01, 5.70582597e-01,
    5.20259381e-01, 4.73970929e-01, 4.31748284e-01, 3.93213284e-01,
    3.57592683e-01, 3.23890318e-01, 2.91218825e-01, 2.59146251e-01,
    2.27867059e-01, 1.98092577e-01, 1.70712062e-01, 1.46398949e-01,
    1.25352833e-01, 1.07276255e-01, 9.15545094e-02, 7.75185677e-02,
    6.46648204e-02, 5.27607804e-02, 4.18339152e-02, 3.20837639e-02,
    2.37672617e-02, 1.70955555e-02, 1.21624341e-02, 8.90915973e-03,
    7.12193688e-03, 6.45670359e-03, 6.48786871e-03, 6.77709400e-03,
    6.95153055e-03, 6.77130364e-03, 6.16257029e-03, 5.20221481e-03,
    4.06046375e-03, 2.92636816e-03, 1.94621296e-03, 1.19411857e-03,
    6.75851040e-04, 3.52841174e-04, 1.69911454e-04, 7.54704440e-05]}