{"data" : [10.86816816, 11.65832638, 12.4484846 , 13.23864282, 14.02880104,
  14.81895926, 15.60911748, 16.3992757 , 17.18943391, 17.97959213,
  18.76975035, 19.55990857, 20.35006679, 21.14022501, 21.93038323,
  22.72054145, 23.51069967, 24.30085788, 25.0910161 , 25.88117432,
  26.67133254, 27.46149076, 28.25164898, 29.0418072 , 29.83196542,
  30.62212364, 31.41228186, 32.20244007, 32.99259829, 33.78275651,
  34.57291473, 35.36307295, 36.15323117, 36.94338939, 37.73354761,
  38.52370583, 39.31386404, 40.10402226, 40.89418048, 41.6843387 ,
  42.47449692, 43.26465514, 44.05481336, 44.84497158, 45.6351298 ,
  46.42528801, 47.21544623, 48.00560445, 48.79576267, 49.58592089,
  50.37607911, 51.16623733, 51.95639555, 52.74655377, 53.53671199,
  54.3268702 , 55.11702842, 55.90718664, 56.69734486, 57.48750308,
  58.2776613 , 59.06781952, 59.85797774, 60.64813596, 61.43829417,
  62.22845239, 63.01861061, 63.80876883, 64.59892705, 65.38908527,
  66.17924349, 66.96940171, 67.75955993, 68.54971814, 69.33987636,
  70.13003458, 70.9201928 , 71.71035102, 72.50050924, 73.29066746,
  74.08082568, 74.8709839 , 75.66114212, 76.45130033, 77.24145855,
  78.03161677, 78.82177499, 79.61193321, 80.40209143, 81.19224965,
  81.98240787, 82.77256609, 83.5627243 , 84.35288252, 85.14304074,
  85.93319896, 86.72335718, 87.5135154 , 88.30367362, 89.09383184],
  "frequency" : [4.47093497e-06, 1.11564904e-05, 2.57691179e-05, 5.52170938e-05,
    1.10029695e-04, 2.04442595e-04, 3.55253084e-04, 5.79225991e-04,
    8.89574896e-04, 1.29298667e-03, 1.78922717e-03, 2.37478978e-03,
    3.04988458e-03, 3.82496731e-03, 4.72106276e-03, 5.75988758e-03,
    6.94588405e-03, 8.24959006e-03, 9.60444717e-03, 1.09233183e-02,
    1.21293500e-02, 1.31868299e-02, 1.41184782e-02, 1.50048856e-02,
    1.59707201e-02, 1.71634101e-02, 1.87249936e-02, 2.07556094e-02,
    2.32735824e-02, 2.61877794e-02, 2.93015210e-02, 3.23565132e-02,
    3.51045905e-02, 3.73781459e-02, 3.91289710e-02, 4.04208856e-02,
    4.13838337e-02, 4.21527651e-02, 4.28164284e-02, 4.33913139e-02,
    4.38224243e-02, 4.40032546e-02, 4.38056777e-02, 4.31137989e-02,
    4.18581768e-02, 4.00442341e-02, 3.77641172e-02, 3.51822363e-02,
    3.24949458e-02, 2.98786466e-02, 2.74475318e-02, 2.52370517e-02,
    2.32162712e-02, 2.13200108e-02, 1.94853031e-02, 1.76771341e-02,
    1.58949218e-02, 1.41615837e-02, 1.25061653e-02, 1.09524181e-02,
    9.51800438e-03, 8.21879026e-03, 7.06915580e-03, 6.07513076e-03,
    5.22610095e-03, 4.49398215e-03, 3.84330817e-03, 3.24680963e-03,
    2.69648247e-03, 2.20326823e-03, 1.78625061e-03, 1.45860007e-03,
    1.21832080e-03, 1.04772810e-03, 9.20215549e-04, 8.09715488e-04,
    6.98301437e-04, 5.79440719e-04, 4.56785114e-04, 3.40056287e-04,
    2.40233079e-04, 1.65916454e-04, 1.21696634e-04, 1.08133286e-04,
    1.22278419e-04, 1.57912806e-04, 2.05571073e-04, 2.53211410e-04,
    2.88305607e-04, 3.01121282e-04, 2.87799800e-04, 2.51516737e-04,
    2.00939663e-04, 1.46741752e-04, 9.79536236e-05, 5.97671809e-05,
    3.33333868e-05, 1.69930049e-05, 7.91835358e-06, 3.37266750e-06]}