{"data" : [ 3.62215522,  3.70837431,  3.7945934 ,  3.88081248,  3.96703157,
  4.05325066,  4.13946974,  4.22568883,  4.31190792,  4.398127  ,
  4.48434609,  4.57056517,  4.65678426,  4.74300335,  4.82922243,
  4.91544152,  5.00166061,  5.08787969,  5.17409878,  5.26031787,
  5.34653695,  5.43275604,  5.51897512,  5.60519421,  5.6914133 ,
  5.77763238,  5.86385147,  5.95007056,  6.03628964,  6.12250873,
  6.20872782,  6.2949469 ,  6.38116599,  6.46738507,  6.55360416,
  6.63982325,  6.72604233,  6.81226142,  6.89848051,  6.98469959,
  7.07091868,  7.15713777,  7.24335685,  7.32957594,  7.41579502,
  7.50201411,  7.5882332 ,  7.67445228,  7.76067137,  7.84689046,
  7.93310954,  8.01932863,  8.10554772,  8.1917668 ,  8.27798589,
  8.36420498,  8.45042406,  8.53664315,  8.62286223,  8.70908132,
  8.79530041,  8.88151949,  8.96773858,  9.05395767,  9.14017675,
  9.22639584,  9.31261493,  9.39883401,  9.4850531 ,  9.57127218,
  9.65749127,  9.74371036,  9.82992944,  9.91614853, 10.00236762,
  10.0885867 , 10.17480579, 10.26102488, 10.34724396, 10.43346305,
  10.51968213, 10.60590122, 10.69212031, 10.77833939, 10.86455848,
  10.95077757, 11.03699665, 11.12321574, 11.20943483, 11.29565391,
  11.381873  , 11.46809208, 11.55431117, 11.64053026, 11.72674934,
  11.81296843, 11.89918752, 11.9854066 , 12.07162569, 12.15784478],
  "frequency" : [3.59639226e-05, 8.75191875e-05, 1.95825321e-04, 4.03406918e-04,
    7.66347063e-04, 1.34520699e-03, 2.18774119e-03, 3.30917081e-03,
    4.68342975e-03, 6.26309674e-03, 8.04145178e-03, 1.01552627e-02,
    1.30057063e-02, 1.73571842e-02, 2.43702741e-02, 3.55391896e-02,
    5.25282049e-02, 7.69222830e-02, 1.09919320e-01, 1.52005038e-01,
    2.02679523e-01, 2.60336527e-01, 3.22391236e-01, 3.85669392e-01,
    4.46928884e-01, 5.03278389e-01, 5.52294033e-01, 5.91829590e-01,
    6.19746055e-01, 6.33871691e-01, 6.32357904e-01, 6.14313265e-01,
    5.80382053e-01, 5.32935065e-01, 4.75744718e-01, 4.13277142e-01,
    3.49893787e-01, 2.89245220e-01, 2.33996687e-01, 1.85848304e-01,
    1.45703253e-01, 1.13841492e-01, 9.00408767e-02, 7.36694360e-02,
    6.37904247e-02, 5.92843713e-02, 5.89580700e-02, 6.16207821e-02,
    6.61467346e-02, 7.15597226e-02, 7.71420116e-02, 8.25113909e-02,
    8.75855624e-02, 9.24009676e-02, 9.68534477e-02, 1.00507959e-01,
    1.02611670e-01, 1.02330464e-01, 9.90864377e-02, 9.28073303e-02,
    8.39582995e-02, 7.33653156e-02, 6.19540030e-02, 5.05434329e-02,
    3.97606954e-02, 3.00509261e-02, 2.17154285e-02, 1.49302023e-02,
    9.74271821e-03, 6.07302110e-03, 3.73997937e-03, 2.50890595e-03,
    2.13767979e-03, 2.39951882e-03, 3.07877290e-03, 3.95687055e-03,
    4.81356627e-03, 5.45747234e-03, 5.77619239e-03, 5.77651211e-03,
    5.58424217e-03, 5.39388317e-03, 5.38708361e-03, 5.65668100e-03,
    6.16930842e-03, 6.77895555e-03, 7.28089086e-03, 7.48192712e-03,
    7.26174652e-03, 6.60670280e-03, 5.60774393e-03, 4.42582427e-03,
    3.23927106e-03, 2.19366747e-03, 1.37189567e-03, 7.90988774e-04,
    4.19851833e-04, 2.04913653e-04, 9.18651989e-05, 3.77976011e-05]}