{"data" : [0.77848002, 0.78647032, 0.79446062, 0.80245092, 0.81044123,
  0.81843153, 0.82642183, 0.83441213, 0.84240244, 0.85039274,
  0.85838304, 0.86637335, 0.87436365, 0.88235395, 0.89034425,
  0.89833456, 0.90632486, 0.91431516, 0.92230546, 0.93029577,
  0.93828607, 0.94627637, 0.95426668, 0.96225698, 0.97024728,
  0.97823758, 0.98622789, 0.99421819, 1.00220849, 1.01019879,
  1.0181891 , 1.0261794 , 1.0341697 , 1.04216001, 1.05015031,
  1.05814061, 1.06613091, 1.07412122, 1.08211152, 1.09010182,
  1.09809212, 1.10608243, 1.11407273, 1.12206303, 1.13005334,
  1.13804364, 1.14603394, 1.15402424, 1.16201455, 1.17000485,
  1.17799515, 1.18598545, 1.19397576, 1.20196606, 1.20995636,
  1.21794666, 1.22593697, 1.23392727, 1.24191757, 1.24990788,
  1.25789818, 1.26588848, 1.27387878, 1.28186909, 1.28985939,
  1.29784969, 1.30583999, 1.3138303 , 1.3218206 , 1.3298109 ,
  1.33780121, 1.34579151, 1.35378181, 1.36177211, 1.36976242,
  1.37775272, 1.38574302, 1.39373332, 1.40172363, 1.40971393,
  1.41770423, 1.42569454, 1.43368484, 1.44167514, 1.44966544,
  1.45765575, 1.46564605, 1.47363635, 1.48162665, 1.48961696,
  1.49760726, 1.50559756, 1.51358787, 1.52157817, 1.52956847,
  1.53755877, 1.54554908, 1.55353938, 1.56152968, 1.56951998],
  "frequency" : [4.03465727e-04, 8.87427458e-04, 1.82863153e-03, 3.53547728e-03,
    6.42728033e-03, 1.10191599e-02, 1.78872141e-02, 2.76343103e-02,
    4.08875294e-02, 5.83452177e-02, 8.08480350e-02, 1.09394448e-01,
    1.45002899e-01, 1.88383080e-01, 2.39512078e-01, 2.97343455e-01,
    3.59901224e-01, 4.24867211e-01, 4.90513616e-01, 5.56612969e-01,
    6.24920440e-01, 6.98998454e-01, 7.83431679e-01, 8.82699975e-01,
    1.00004599e+00, 1.13662167e+00, 1.29111269e+00, 1.45996511e+00,
    1.63823287e+00, 1.82087037e+00, 2.00404770e+00, 2.18592328e+00,
    2.36643984e+00, 2.54613418e+00, 2.72446983e+00, 2.89850502e+00,
    3.06259587e+00, 3.20935917e+00, 3.33155057e+00, 3.42414356e+00,
    3.48586079e+00, 3.51965508e+00, 3.53200347e+00, 3.53122217e+00,
    3.52525535e+00, 3.51951027e+00, 3.51530205e+00, 3.50934509e+00,
    3.49450718e+00, 3.46174696e+00, 3.40281148e+00, 3.31294920e+00,
    3.19273768e+00, 3.04829876e+00, 2.88971486e+00, 2.72817771e+00,
    2.57293112e+00, 2.42911176e+00, 2.29712676e+00, 2.17352174e+00,
    2.05276701e+00, 1.92923830e+00, 1.79883555e+00, 1.65995845e+00,
    1.51377083e+00, 1.36380898e+00, 1.21508389e+00, 1.07292864e+00,
    9.41908283e-01, 8.25072185e-01, 7.23678323e-01, 6.37333475e-01,
    5.64376817e-01, 5.02336422e-01, 4.48370482e-01, 3.99685041e-01,
    3.53939103e-01, 3.09607722e-01, 2.66219925e-01, 2.24371530e-01,
    1.85457390e-01, 1.51162196e-01, 1.22853120e-01, 1.01077926e-01,
    8.53490900e-02, 7.42880218e-02, 6.60595539e-02, 5.89148967e-02,
    5.16344268e-02, 4.37267783e-02, 3.53577665e-02, 2.70911013e-02,
    1.95758959e-02, 1.33018916e-02, 8.48428916e-03, 5.07354645e-03,
    2.84210434e-03, 1.49048546e-03, 7.31400600e-04, 3.35689151e-04]}