{"data" : [0.36779748, 0.39650864, 0.4252198 , 0.45393097, 0.48264213,
  0.51135329, 0.54006445, 0.56877561, 0.59748678, 0.62619794,
  0.6549091 , 0.68362026, 0.71233142, 0.74104259, 0.76975375,
  0.79846491, 0.82717607, 0.85588723, 0.8845984 , 0.91330956,
  0.94202072, 0.97073188, 0.99944304, 1.02815421, 1.05686537,
  1.08557653, 1.11428769, 1.14299885, 1.17171002, 1.20042118,
  1.22913234, 1.2578435 , 1.28655466, 1.31526583, 1.34397699,
  1.37268815, 1.40139931, 1.43011047, 1.45882164, 1.4875328 ,
  1.51624396, 1.54495512, 1.57366628, 1.60237745, 1.63108861,
  1.65979977, 1.68851093, 1.71722209, 1.74593326, 1.77464442,
  1.80335558, 1.83206674, 1.86077791, 1.88948907, 1.91820023,
  1.94691139, 1.97562255, 2.00433372, 2.03304488, 2.06175604,
  2.0904672 , 2.11917836, 2.14788953, 2.17660069, 2.20531185,
  2.23402301, 2.26273417, 2.29144534, 2.3201565 , 2.34886766,
  2.37757882, 2.40628998, 2.43500115, 2.46371231, 2.49242347,
  2.52113463, 2.54984579, 2.57855696, 2.60726812, 2.63597928,
  2.66469044, 2.6934016 , 2.72211277, 2.75082393, 2.77953509,
  2.80824625, 2.83695741, 2.86566858, 2.89437974, 2.9230909 ,
  2.95180206, 2.98051322, 3.00922439, 3.03793555, 3.06664671,
  3.09535787, 3.12406903, 3.1527802 , 3.18149136, 3.21020252],
  "frequency" : [8.27627173e-05, 1.68557133e-04, 3.26949890e-04, 6.05113545e-04,
    1.07100456e-03, 1.81767958e-03, 2.96748389e-03, 4.67691790e-03,
    7.14355587e-03, 1.06161276e-02, 1.54071526e-02, 2.19042550e-02,
    3.05723431e-02, 4.19360217e-02, 5.65322456e-02, 7.48291796e-02,
    9.71187182e-02, 1.23404646e-01, 1.53320523e-01, 1.86114047e-01,
    2.20722484e-01, 2.55937023e-01, 2.90620773e-01, 3.23919551e-01,
    3.55400254e-01, 3.85073511e-01, 4.13298062e-01, 4.40606324e-01,
    4.67515508e-01, 4.94386411e-01, 5.21366381e-01, 5.48417733e-01,
    5.75403773e-01, 6.02190791e-01, 6.28725809e-01, 6.55061144e-01,
    6.81312892e-01, 7.07559819e-01, 7.33711313e-01, 7.59393170e-01,
    7.83907058e-01, 8.06302368e-01, 8.25556648e-01, 8.40808388e-01,
    8.51551145e-01, 8.57704789e-01, 8.59531593e-01, 8.57438858e-01,
    8.51766981e-01, 8.42669960e-01, 8.30147950e-01, 8.14212835e-01,
    7.95098970e-01, 7.73407179e-01, 7.50101554e-01, 7.26347646e-01,
    7.03252495e-01, 6.81607877e-01, 6.61731897e-01, 6.43457273e-01,
    6.26251810e-01, 6.09406709e-01, 5.92211730e-01, 5.74056264e-01,
    5.54439518e-01, 5.32919800e-01, 5.09061654e-01, 4.82438359e-01,
    4.52716914e-01, 4.19806630e-01, 3.84012053e-01, 3.46115877e-01,
    3.07336799e-01, 2.69153653e-01, 2.33040375e-01, 2.00192676e-01,
    1.71331187e-01, 1.46636505e-01, 1.25822619e-01, 1.08307538e-01,
    9.34126948e-02, 8.05248499e-02, 6.91816358e-02, 5.90794537e-02,
    5.00321621e-02, 4.19189523e-02, 3.46495518e-02, 2.81543536e-02,
    2.23894335e-02, 1.73403624e-02, 1.30143580e-02, 9.42114731e-03,
    6.55112853e-03, 4.36083845e-03, 2.77120395e-03, 1.67755018e-03,
    9.65766597e-04, 5.28095384e-04, 2.74020716e-04, 1.34825958e-04]}