{"data" : [ 4.52521554,  4.63786024,  4.75050494,  4.86314964,  4.97579433,
  5.08843903,  5.20108373,  5.31372842,  5.42637312,  5.53901782,
  5.65166252,  5.76430721,  5.87695191,  5.98959661,  6.1022413 ,
  6.214886  ,  6.3275307 ,  6.44017539,  6.55282009,  6.66546479,
  6.77810949,  6.89075418,  7.00339888,  7.11604358,  7.22868827,
  7.34133297,  7.45397767,  7.56662236,  7.67926706,  7.79191176,
  7.90455646,  8.01720115,  8.12984585,  8.24249055,  8.35513524,
  8.46777994,  8.58042464,  8.69306934,  8.80571403,  8.91835873,
  9.03100343,  9.14364812,  9.25629282,  9.36893752,  9.48158221,
  9.59422691,  9.70687161,  9.81951631,  9.932161  , 10.0448057 ,
  10.1574504 , 10.27009509, 10.38273979, 10.49538449, 10.60802918,
  10.72067388, 10.83331858, 10.94596328, 11.05860797, 11.17125267,
  11.28389737, 11.39654206, 11.50918676, 11.62183146, 11.73447615,
  11.84712085, 11.95976555, 12.07241025, 12.18505494, 12.29769964,
  12.41034434, 12.52298903, 12.63563373, 12.74827843, 12.86092313,
  12.97356782, 13.08621252, 13.19885722, 13.31150191, 13.42414661,
  13.53679131, 13.649436  , 13.7620807 , 13.8747254 , 13.9873701 ,
  14.10001479, 14.21265949, 14.32530419, 14.43794888, 14.55059358,
  14.66323828, 14.77588297, 14.88852767, 15.00117237, 15.11381707,
  15.22646176, 15.33910646, 15.45175116, 15.56439585, 15.67704055],
  "frequency" : [2.80661197e-05, 6.26678681e-05, 1.32436144e-04, 2.65260292e-04,
    5.04255601e-04, 9.11060627e-04, 1.56663100e-03, 2.56762142e-03,
    4.01712017e-03, 6.01035242e-03, 8.61874631e-03, 1.18783292e-02,
    1.57890033e-02, 2.03283703e-02, 2.54776649e-02, 3.12506057e-02,
    3.77124995e-02, 4.49794530e-02, 5.31952600e-02, 6.24922971e-02,
    7.29477682e-02, 8.45459865e-02, 9.71532455e-02, 1.10508509e-01,
    1.24233271e-01, 1.37865988e-01, 1.50925703e-01, 1.63001539e-01,
    1.73850315e-01, 1.83470317e-01, 1.92115525e-01, 2.00228177e-01,
    2.08296568e-01, 2.16677716e-01, 2.25445028e-01, 2.34317551e-01,
    2.42699299e-01, 2.49816285e-01, 2.54903473e-01, 2.57380063e-01,
    2.56964248e-01, 2.53709208e-01, 2.47973057e-01, 2.40350379e-01,
    2.31587286e-01, 2.22485325e-01, 2.13789294e-01, 2.06061674e-01,
    1.99568134e-01, 1.94216637e-01, 1.89588026e-01, 1.85063934e-01,
    1.80013674e-01, 1.73972200e-01, 1.66745497e-01, 1.58416045e-01,
    1.49267277e-01, 1.39675396e-01, 1.30016226e-01, 1.20610522e-01,
    1.11702928e-01, 1.03454932e-01, 9.59358378e-02, 8.91106837e-02,
    8.28377569e-02, 7.68913760e-02, 7.10160075e-02, 6.50008051e-02,
    5.87490379e-02, 5.23136731e-02, 4.58819762e-02, 3.97135018e-02,
    3.40562792e-02, 2.90745810e-02, 2.48142787e-02, 2.12132567e-02,
    1.81449561e-02, 1.54722503e-02, 1.30899456e-02, 1.09440225e-02,
    9.02758545e-03, 7.36165059e-03, 5.97130271e-03, 4.86579260e-03,
    4.02753010e-03, 3.41153397e-03, 2.95416348e-03, 2.58767752e-03,
    2.25555910e-03, 1.92338087e-03, 1.58180585e-03, 1.24157639e-03,
    9.23502177e-04, 6.47943793e-04, 4.27556537e-04, 2.64851054e-04,
    1.53835465e-04, 8.37221366e-05, 4.26729968e-05, 2.03642537e-05]}